33,2020-01-14,108.851997,109.48200200000001,104.980003,107.584,107.584,144981000,-0.2644520063044059,-0.4432649760903799,0.32418455436488014
34,2020-01-15,105.952003,107.568001,103.358002,103.699997,103.699997,86844000,-0.25187227031643045,-0.4113177459297647,0.28119452906282133
35,2020-01-16,98.75,102.891998,98.433998,102.697998,102.697998,108683500,-0.2566958854995761,-0.38681088190509,0.2110629410993691
36,2020-01-17,101.522003,103.134003,100.63200400000001,102.099998,102.099998,68145500,-0.272339316873047,-0.37061362204271747,0.13273806775275665
37,2020-01-21,106.050003,109.716003,105.681999,109.440002,109.440002,89017500,-0.2420452281061134,-0.3510556469124385,0.16441558121446553
38,2020-01-22,114.377998,118.900002,111.82,113.912003,113.912003,156845000,-0.1957010305630973,-0.32531226548368536,0.22271813756524947
39,2020-01-23,112.849998,116.400002,111.120003,114.440002,114.440002,98255000,-0.164257443985613,-0.2978669522354039,0.2387602487904595
40,2020-01-24,114.125999,114.772003,110.851997,112.96399699999999,112.96399699999999,71768000,-0.15853878857532067,-0.2746647792923761,0.19876515148984117
41,2020-01-27,108.398003,112.888,107.856003,111.603996,111.603996,68040500,-0.17224756777351463,-0.25908977000135774,0.1268728428588595
42,2020-01-28,113.697998,115.362,111.615997,113.379997,113.379997,58942500,-0.17959435233306587,-0.24823040509471841,0.08242400487091067
43,2020-01-29,115.138,117.959999,113.486,116.197998,116.197998,89007500,-0.17475349236884954,-0.23848823594848426,0.07189351331824538
44,2020-01-30,126.484001,130.175995,123.599998,128.162003,128.162003,145028500,-0.09792911853473325,-0.2139567892138105,0.211294653417981
45,2020-01-31,128.0,130.600006,126.503998,130.113998,130.113998,78596500,-0.03398982721927896,-0.18040119083607656,0.2963547261600602
46,2020-02-03,134.738007,157.227997,134.703995,156.0,156.0,236167500,0.18265445954873388,-0.10635646342059336,0.6779981645061947
47,2020-02-04,176.591995,193.798004,166.776001,177.412003,177.412003,304694000,0.4859019902356108,0.018947799170323333,1.1611615645916324
48,2020-02-05,164.651993,169.195999,140.82200600000002,146.940002,146.940002,242119000,0.4990484554498782,0.1220554270679123,0.9519399738733777
49,2020-02-06,139.983994,159.166,137.399994,149.792007,149.792007,199404000,0.5124437910628671,0.20745996855630977,0.7850737822039168
50,2020-02-07,146.110001,153.949997,146.0,149.613998,149.613998,85317500,0.5051789250858846,0.2742008068065384,0.6091529845634993
51,2020-02-10,160.0,163.998001,150.479996,154.255997,154.255997,123446000,0.5147427253424192,0.3296771407125351,0.5029757396741489
52,2020-02-11,153.757996,156.701996,151.600006,154.87600700000002,154.87600700000002,58487500,0.5099022001882269,0.37300360356140483,0.38845318322743
53,2020-02-12,155.574005,157.949997,152.673996,153.457993,153.457993,60112500,0.4799066245141349,0.40112964358972364,0.24517666018487483
54,2020-02-13,148.367996,163.600006,147.0,160.800003,160.800003,131446500,0.49039725842942317,0.4259160679875517,0.21369802820969125
55,2020-02-14,157.444,162.59399399999998,157.100006,160.005997,160.005997,78468500,0.47689907988213537,0.44280436196535133,0.13925163428515044
56,2020-02-18,168.320007,172.0,166.472,171.679993,171.679993,81908500,0.5299475382060996,0.46787265446734877,0.2163548675883564
57,2020-02-19,184.699997,188.955994,180.203995,183.483994,183.483994,127115000,0.6354173916641122,0.5109059849729717,0.385690169104233
58,2020-02-20,182.389999,182.399994,171.988007,179.882004,179.882004,88174500,0.6754949654992101,0.5540643426109395,0.38686865295431166
59,2020-02-21,181.395996,182.612,176.08999599999999,180.199997,180.199997,71574000,0.6906657813336727,0.5918962914229193,0.3366628563195649
60,2020-02-24,167.800003,172.699997,164.440002,166.757996,166.757996,75961000,0.5921348846159876,0.6006949431268279,0.06300008317078735
61,2020-02-25,169.800003,171.320007,157.399994,159.98199499999998,159.98199499999998,86452500,0.4511896690264708,0.5770261577231565,-0.243032292098912
62,2020-02-26,156.5,162.662003,155.222,155.759995,155.759995,70427500,0.2960702543654193,0.5242952926325379,-0.516966364794698
63,2020-02-27,146.0,147.953995,133.800003,135.800003,135.800003,121386000,0.024083810393812008,0.4228529667972295,-0.9761120616096061
64,2020-02-28,125.940002,138.104004,122.304001,133.598007,133.598007,122821000,-0.21503427846697803,0.28960249451529585,-1.2759300785886671
65,2020-03-02,142.251999,148.738007,137.334,148.723999,148.723999,100975000,-0.30728255693450923,0.16290400216294693,-1.2141722633990581
66,2020-03-03,161.0,161.395996,143.222,149.102005,149.102005,128920000,-0.38417606000221227,0.04479243569067586,-1.1332334041155967
67,2020-03-04,152.792007,153.304001,144.945999,149.899994,149.899994,75245000,-0.4452936606394883,-0.06301249727669564,-1.0360848819797908
68,2020-03-05,144.753998,149.149994,143.613998,144.908005,144.908005,54263500,-0.5329146779424235,-0.1683464176854919,-1.0127935504183745
69,2020-03-06,138.0,141.399994,136.854004,140.695999,140.695999,63314500,-0.6349727263418415,-0.27484892121057775,-1.0238084101867373
70,2020-03-09,121.07800300000001,132.600006,121.0,121.599998,121.599998,85368500,-0.848873490870597,-0.40665344208611953,-1.2623007939008621
71,2020-03-10,131.886002,133.600006,121.599998,129.065994,129.065994,77972000,-0.9664781927724515,-0.5377195723659887,-1.2553408534805035
72,2020-03-11,128.03999299999998,130.716003,122.599998,126.846001,126.846001,66612500,-1.0734764337078861,-0.6658841625769958,-1.2279914450171303
73,2020-03-12,116.178001,118.900002,109.25,112.110001,112.110001,94545500,-1.2564608748201984,-0.8082826194185642,-1.362157378712149
74,2020-03-13,119.0,121.514,100.400002,109.32399699999999,109.32399699999999,113201500,-1.4152451751674515,-0.956795689592697,-1.4197926529661669
75,2020-03-16,93.900002,98.97399899999999,88.433998,89.014,89.014,102447500,-1.6729922028978772,-1.13176144064184,-1.6691309895156992
76,2020-03-17,88.001999,94.370003,79.199997,86.040001,86.040001,119973000,-1.8868888570556899,-1.3183356640109076,-1.7785504162954557
77,2020-03-18,77.800003,80.972,70.101997,72.244003,72.244003,118931000,-2.1379334072622944,-1.5222900701386548,-1.9423729747140952
78,2020-03-19,74.940002,90.400002,71.692001,85.528,85.528,150977500,-2.230197806405145,-1.7055552217760575,-1.747359685760621
79,2020-03-20,87.639999,95.400002,85.157997,85.505997,85.505997,141427500,-2.28792343194076,-1.8647440139184275,-1.5204201383088776
80,2020-03-23,86.720001,88.400002,82.099998,86.858002,86.858002,82272500,-2.3085430306905224,-1.996587435610222,-1.2626674661811026
81,2020-03-24,95.459999,102.737999,94.800003,101.0,101.0,114476000,-2.212468510323918,-2.081130435856876,-0.8168219786500057
82,2020-03-25,109.050003,111.400002,102.222,107.849998,107.849998,106113500,-2.0758843371545708,-2.1190072687531214,-0.3769548591216676
83,2020-03-26,109.477997,112.0,102.449997,105.63200400000001,105.63200400000001,86903500,-1.9710752868365031,-2.1264740076179485,-0.09031463932935614
84,2020-03-27,101.0,105.160004,98.806,102.872002,102.872002,71887000,-1.896058943688672,-2.1161036025868545,0.0778151547288806
85,2020-03-30,102.052002,103.33000200000001,98.246002,100.42600300000001,100.42600300000001,59990500,-1.8430939307298815,-2.0962678014677367,0.16703432032202567
86,2020-03-31,100.25,108.592003,99.400002,104.800003,104.800003,88857500,-1.761411634419114,-2.0626030545275613,0.2973835413914782
87,2020-04-01,100.800003,102.790001,95.019997,96.311996,96.311996,66766000,-1.7460403936800022,-2.032322327738736,0.2654863601804416
88,2020-04-02,96.206001,98.851997,89.279999,90.893997,90.893997,99292000,-1.7618216393729291,-2.0115360032440774,0.17599378716883934
89,2020-04-03,101.900002,103.098,93.678001,96.001999,96.001999,22562100,-1.7299114925478924,-1.987954686152484,0.20233889782438283
90,2020-04-06,102.239998,104.199997,99.592003,103.248001,103.248001,14901800,-1.6463920851899145,-1.9508932754070056,0.32939989947003717
91,2020-04-07,109.0,113.0,106.468002,109.089996,109.089996,17919800,-1.5329827200925188,-1.896535670446572,0.49243079658673394
92,2020-04-08,110.839996,111.442001,106.666,109.76799799999999,109.76799799999999,12656000,-1.4327306278579195,-1.8312076825993175,0.5958357041360266
93,2020-04-09,112.417999,115.03600300000001,111.42199699999999,114.599998,114.599998,13650000,-1.3155472757635265,-1.7534145781428574,0.7133297099391044
94,2020-04-13,118.031998,130.399994,116.106003,130.190002,130.190002,22475400,-1.1129301888771859,-1.6470359491803095,0.9827718569721945
95,2020-04-14,139.794006,148.37600700000002,138.48599199999998,141.977997,141.977997,30576500,-0.8716640444642284,-1.5093684379503138,1.277695380751207
96,2020-04-15,148.399994,150.62600700000002,142.0,145.966003,145.966003,23577000,-0.656160096808781,-1.3522826257141665,1.4607288847793747
97,2020-04-16,143.388,151.889999,141.34399399999998,149.042007,149.042007,20657900,-0.4695273339527133,-1.1859523321022154,1.5478657469899495
98,2020-04-17,154.455994,154.990005,149.531998,150.778,150.778,13128200,-0.3167969224366052,-1.0196127520965204,1.5479532789108008
99,2020-04-20,146.53999299999998,153.113998,142.442001,149.272003,149.272003,14746600,-0.21451955515606494,-0.8642579379318494,1.444412800154466
100,2020-04-21,146.024002,150.666,134.757996,137.34399399999998,137.34399399999998,20209100,-0.2241447447364644,-0.7420711247860028,1.1317770321662124
101,2020-04-22,140.796005,146.800003,137.742004,146.421997,146.421997,14224800,-0.17780987909292034,-0.6342267060839224,0.9965881343133559
102,2020-04-23,145.520004,146.800003,140.62600700000002,141.12600700000002,141.12600700000002,13236700,-0.18636982237944977,-0.5498161243048387,0.7757048920831554
103,2020-04-24,142.162003,146.145996,139.636002,145.029999,145.029999,13237600,-0.17498220986816687,-0.479806641953769,0.6399626513313817
104,2020-04-27,147.522003,159.897995,147.0,159.75,159.75,20681400,-0.07419569986289441,-0.4018407186980253,0.714958669670687
105,2020-04-28,159.128006,161.0,151.337997,153.824005,153.824005,15222000,-0.045579387939802124,-0.33323334976840563,0.6267465758110959
106,2020-04-29,158.033997,160.639999,156.632004,160.102005,160.102005,16216000,0.009550850323723397,-0.2663362403135375,0.6106259695663995
107,2020-04-30,171.037994,173.96400500000001,152.699997,156.37600700000002,156.37600700000002,28471900,0.01647365385891507,-0.21131028288696146,0.49873056986582565
108,2020-05-01,151.0,154.554001,136.608002,140.26400800000002,140.26400800000002,32531800,-0.09907898697075351,-0.19246494837758935,0.15769835554595504
109,2020-05-04,140.199997,152.399994,139.600006,152.238007,152.238007,19237100,-0.11737410914451214,-0.18137463548749538,0.08460088011074429
110,2020-05-05,157.957993,159.783997,152.436005,153.641998,153.641998,16991700,-0.1314812745142769,-0.17557591055670813,0.034723298866209514
111,2020-05-06,155.300003,157.96000700000002,152.222,156.516006,156.516006,11123200,-0.13210263926978105,-0.17107230723076983,0.022515709468816942
112,2020-05-07,155.442001,159.279999,154.470001,156.007996,156.007996,11527700,-0.1452587197203686,-0.17033573726454598,-0.012991687156722952
113,2020-05-08,158.753998,164.800003,157.401993,163.884003,163.884003,16130100,-0.1108018299923899,-0.16223936541369127,0.05638051628529668
114,2020-05-11,158.102005,164.800003,157.0,162.257996,162.257996,16519600,-0.10435639207913182,-0.15435800162573263,0.054353887944653595
115,2020-05-12,165.399994,168.658005,161.600006,161.882004,161.882004,15906900,-0.1113899890151525,-0.14958531899478394,0.025052003866659556
116,2020-05-13,164.166,165.199997,152.66000400000001,158.192001,158.192001,19065500,-0.15154686640367263,-0.15451614397328792,-0.06641155922052742
117,2020-05-14,156.0,160.671997,152.800003,160.666,160.666,13682200,-0.17508193838426148,-0.16358838552097507,-0.10544782640259423
118,2020-05-15,158.070007,161.009995,157.309998,159.834,159.834,10518400,-0.2079142185277825,-0.17799934126212794,-0.15576961127581146
119,2020-05-18,165.556,166.944,160.776001,162.725998,162.725998,11698100,-0.2222123101040947,-0.19264322829190514,-0.1579651808027827
120,2020-05-19,163.033997,164.414001,161.216003,161.602005,161.602005,9636500,-0.2492655799945248,-0.21025242857643994,-0.1859157041460742
121,2020-05-20,164.100006,165.199997,162.360001,163.112,163.112,7309300,-0.26800723432158013,-0.22842302939505052,-0.19120736724690873
122,2020-05-21,163.199997,166.5,159.199997,165.520004,165.520004,12254600,-0.2738877239540697,-0.2442406911849241,-0.16902897609631568
123,2020-05-22,164.434006,166.35600300000002,162.399994,163.37600700000002,163.37600700000002,9987500,-0.3007262773203893,-0.26274213103009886,-0.19432579796245564
124,2020-05-26,166.899994,166.919998,163.141998,163.774002,163.774002,8075800,-0.3263109856163759,-0.28311741833737897,-0.21198835592232956
125,2020-05-27,164.171997,165.542007,157.0,164.046005,164.046005,57747500,-0.3514826117740274,-0.30490178548903246,-0.22527009572487044
126,2020-05-28,162.701996,164.949997,160.337997,161.162003,161.162003,36278000,-0.3976071059697618,-0.33237841380925154,-0.27892435245907043
127,2020-05-29,161.75,167.0,160.841995,167.0,167.0,59062500,-0.4000290823535442,-0.35488739199012076,-0.23210015236539705
128,2020-06-01,171.600006,179.800003,170.820007,179.619995,179.619995,74697500,-0.32184567839373235,-0.35586077148739564,-0.029109371289650212
129,2020-06-02,178.940002,181.73199499999998,174.199997,176.311996,176.311996,67828000,-0.2902287063332387,-0.3497510915184029,0.03765430659031196
130,2020-06-03,177.62399299999998,179.587997,176.020004,176.591995,176.591995,39747500,-0.2709407626550495,-0.34066108699731457,0.06574632379297078
131,2020-06-04,177.975998,179.149994,171.688004,172.87600700000002,172.87600700000002,44438500,-0.2888346501359713,-0.3372876211731883,0.011863231328490738
132,2020-06-05,175.567993,177.304001,173.240005,177.132004,177.132004,39059500,-0.28118719683434057,-0.3329226993472268,0.021208521941102985
133,2020-06-08,183.800003,190.0,181.832001,189.983994,189.983994,70873500,-0.19488385915700066,-0.31062787045586077,0.19021268538674838
134,2020-06-09,188.001999,190.888,184.78599499999999,188.134003,188.134003,56941000,-0.1483901528852917,-0.28266243258053325,0.24366285242140678
135,2020-06-10,198.37600700000002,205.496002,196.5,205.009995,205.009995,92817000,-0.005671130860248412,-0.2291959166496129,0.48403154747522814
136,2020-06-11,198.03999299999998,203.792007,194.399994,194.567993,194.567993,79582500,0.024161821602474487,-0.1799230043415999,0.44450337426569875
137,2020-06-12,196.0,197.595993,182.520004,187.056,187.056,83817000,-0.014769455162356875,-0.14898662420842573,0.27166643376185345
138,2020-06-15,183.557999,199.76800500000002,181.699997,198.179993,198.179993,78486000,0.020197958334535752,-0.11661917650955639,0.28515542597426546
139,2020-06-16,202.369995,202.576004,192.477997,196.425995,196.425995,70255500,0.024676007297096215,-0.08974958669205707,0.23333358057402828
140,2020-06-17,197.542007,201.0,196.51400800000002,198.358002,198.358002,49454000,0.030399927885205454,-0.06700684537038587,0.19443462949970405
141,2020-06-18,200.600006,203.83999599999999,198.89399699999998,200.792007,200.792007,48759500,0.04046462380825415,-0.04661985896558203,0.1722296962808178
142,2020-06-19,202.556,203.194,198.26800500000002,200.179993,200.179993,43398500,0.03300362861603487,-0.03193579541628854,0.1184749443529481
143,2020-06-22,199.990005,201.776001,198.003998,198.863998,198.863998,31812000,0.007086763202360619,-0.025835047014761917,0.03757011919980464
144,2020-06-23,199.776001,202.399994,198.80200200000002,200.35600300000002,200.35600300000002,31826500,-0.013808856407617255,-0.02550697288268665,-0.016842097338408645
145,2020-06-24,198.82200600000002,200.175995,190.628006,192.169998,192.169998,54798000,-0.09665720506120742,-0.04329466721953966,-0.1875981578187007
146,2020-06-25,190.854004,197.195999,187.429993,197.195999,197.195999,46272500,-0.13682901293309732,-0.06627704667379916,-0.23656234984871913
147,2020-06-26,198.955994,199.0,190.973999,191.94799799999998,191.94799799999998,44274500,-0.21330397421355599,-0.10132453520963966,-0.3502859547606127
148,2020-06-29,193.80200200000002,202.0,189.703995,201.869995,201.869995,45132000,-0.21370124910010982,-0.12944908024074506,-0.28503150188858883
149,2020-06-30,201.300003,217.537994,200.746002,215.962006,215.962006,84592500,-0.12599740405875196,-0.13284069656743497,-0.051903248072051926
150,2020-07-01,216.600006,227.065994,216.100006,223.92599500000003,223.92599500000003,66634500,-0.012137571461283006,-0.11074736999791876,0.1883133597955793
151,2020-07-02,244.29600499999998,245.600006,237.11999500000002,241.731995,241.731995,86250500,0.18816271102930907,-0.04943332506899823,0.5580009812589364
152,2020-07-06,255.33799700000003,275.558014,253.20799300000002,274.31601,274.31601,102849500,0.5548749679823027,0.07951343912746435,1.195495146715017
153,2020-07-07,281.00201400000003,285.899994,267.34201,277.971985,277.971985,107448500,0.8501374545161846,0.24699963112323448,1.5587610426918674
154,2020-07-08,281.0,283.451996,262.26800499999996,273.175995,273.175995,81556500,1.0283080181488273,0.4198065708403625,1.6089134787459523
155,2020-07-09,279.39801,281.71200600000003,270.256012,278.85598799999997,278.85598799999997,58588000,1.1842864826019688,0.5920351203932301,1.603461674366857
156,2020-07-10,279.200012,309.783997,275.201996,308.929993,308.929993,116688000,1.4877722191843068,0.7959383385662693,1.9020215527333706
157,2020-07-13,331.799988,358.99798599999997,294.221985,299.411987,299.411987,194927000,1.632855892775075,0.9906702649130678,1.8155745623972996
158,2020-07-14,311.200012,318.0,286.200012,303.359985,303.359985,117090500,1.7441883118489232,1.1707117785274865,1.6771053051138927
159,2020-07-15,308.600006,310.0,291.399994,309.201996,309.201996,81839000,1.8407495145672745,1.3357827599153267,1.535995690543121
160,2020-07-16,295.432007,306.34201,293.200012,300.127991,300.127991,71504000,1.8227239247741571,1.4639123132756564,1.1877922605140145
161,2020-07-17,302.690002,307.50201400000003,298.0,300.167999,300.167999,46650000,1.7773991556914022,1.5565410573201837,0.8531678501266848
162,2020-07-20,303.802002,330.0,297.600006,328.600006,328.600006,85607000,1.9051906344271046,1.6584859572270512,0.940980303493049
163,2020-07-21,327.985992,335.0,311.600006,313.67199700000003,313.67199700000003,80786500,1.8709014299820264,1.7325712948347116,0.6783809490644881
164,2020-07-22,319.799988,325.283997,312.399994,318.466003,318.466003,70805500,1.844767112149244,1.7861456861665825,0.48504836210943125
165,2020-07-23,335.790009,337.799988,296.153992,302.614014,302.614014,121642500,1.6842562791889506,1.7940347352058719,0.05442632777756783
166,2020-07-24,283.201996,293.0,273.308014,283.399994,283.399994,96983000,1.3973228499863388,1.7378318439030203,-0.5496930757207119
167,2020-07-27,287.0,309.588013,282.600006,307.920013,307.920013,80243500,1.3134225400887554,1.6745901866261543,-0.6160392509010185
168,2020-07-28,300.799988,312.940002,294.884003,295.298004,295.298004,79043500,1.1357774573110424,1.5852933610960318,-0.8616307031051159
169,2020-07-29,300.200012,306.96200600000003,297.399994,299.821991,299.821991,47134500,1.0038598601720239,1.4851150393849264,-0.964197780134329
170,2020-07-30,297.600006,302.64801,294.200012,297.49798599999997,297.49798599999997,38105000,0.8624831568541774,1.3741706671016127,-1.0656766870763674
171,2020-07-31,303.0,303.410004,284.196014,286.152008,286.152008,61235000,0.6536640876410427,1.239919799191682,-1.2853596325516436
172,2020-08-03,289.839996,301.96200600000003,288.87600699999996,297.0,297.0,44046500,0.5460252802525845,1.1090678587878222,-1.2533219372261462
173,2020-08-04,299.00201400000003,305.48199500000004,292.399994,297.399994,297.399994,42075000,0.4474995973739441,0.9829205350571598,-1.2089770445122106
174,2020-08-05,298.597992,299.967987,293.661987,297.003998,297.003998,24890000,0.35179803511277846,0.8611521952758985,-1.1677015088158547
175,2020-08-06,298.16598500000003,303.46200600000003,295.451996,297.91598500000003,297.91598500000003,29961500,0.26833649627346845,0.7455537741816173,-1.1095449359782479
176,2020-08-07,299.90799,299.950012,283.00201400000003,290.541992,290.541992,44482000,0.1388019950422192,0.6248533806621157,-1.1576352344110172
177,2020-08-10,289.600006,291.5,277.167999,283.713989,283.713989,37611500,-0.021622910112077866,0.493341322894723,-1.2595440878704756
178,2020-08-11,279.200012,284.0,273.0,274.877991,274.877991,43129000,-0.21814109493700834,0.34531629789191515,-1.4151924246658991
179,2020-08-12,294.0,317.0,287.0,310.951996,310.951996,109494000,-0.13385094246473192,0.2452605570503437,-0.9630423543290266
180,2020-08-13,322.200012,330.235992,313.451996,324.200012,324.200012,102126500,0.013526890968054806,0.19732514434499948,-0.4717652705692566
181,2020-08-14,332.99798599999997,333.76001,325.32800299999997,330.141998,330.141998,62888000,0.15873451813313708,0.190613171730271,-0.08320034485869182
182,2020-08-17,335.399994,369.17199700000003,334.56601,367.127991,367.127991,101211500,0.5126948365193,0.2623608595110687,0.6563466712527469
183,2020-08-18,379.798004,384.77999900000003,369.022003,377.417999,377.417999,82372500,0.8437741193621932,0.3918911888350708,1.2009957293915516
184,2020-08-19,373.0,382.200012,368.242004,375.705994,375.705994,61026500,1.0711500804790215,0.5450538088152144,1.4237495617497717
185,2020-08-20,372.135986,404.39801,371.411987,400.365997,400.365997,103059000,1.3948722306091519,0.7381131868223861,1.799809414706911
186,2020-08-21,408.951996,419.097992,405.01001,409.996002,409.996002,107448000,1.6876978751459655,0.9563585555737479,2.0372081519532723
187,2020-08-24,425.256012,425.799988,385.503998,402.839996,402.839996,100318000,1.8382896046789665,1.163764241462373,1.9350351999379398
188,2020-08-25,394.977997,405.589996,393.600006,404.667999,404.667999,53294500,1.9371114883973863,1.3512190948003253,1.7469821468478683
189,2020-08-26,412.0,433.200012,410.72601299999997,430.634003,430.634003,71197000,2.1591693611701643,1.5495626831162097,1.8496174555091962
190,2020-08-27,436.09200999999996,459.119995,428.5,447.75,447.75,118465000,2.4147815126861816,1.7639277236122428,2.00063285748609
191,2020-08-28,459.02398700000003,463.69799800000004,437.303986,442.67999299999997,442.67999299999997,100406000,2.542184079840104,1.9631769285894698,1.8581536395337066
192,2020-08-31,444.60998499999994,500.14001500000006,440.10998499999994,498.32000700000003,498.32000700000003,118374400,2.982486107782534,2.218504809948244,2.3867414205205413
193,2020-09-01,502.14001500000006,502.48999000000003,470.51000999999997,475.049988,475.049988,90119400,3.123767801988045,2.453548130332826,2.19554270176533
194,2020-09-02,478.98999000000003,479.040009,405.119995,447.369995,447.369995,96176100,2.9990331668718198,2.61440687589537,1.496291893457439
195,2020-09-03,407.230011,431.799988,402.0,407.0,407.0,87596100,2.580598379755799,2.6519295664834175,0.33374784246959394
196,2020-09-04,402.809998,428.0,372.019989,418.320007,418.320007,110321900,2.2899964048872654,2.618634323087305,-0.33376959899194675
197,2020-09-08,356.0,368.73999,329.880005,330.209991,330.209991,115465700,1.4235056784373747,2.403215961961408,-2.050430206532051
198,2020-09-09,356.600006,369.0,341.51001,366.27999900000003,366.27999900000003,79465800,0.9641530341635022,2.130802201600782,-2.5876588565623573
199,2020-09-10,386.209991,398.98999,360.559998,371.339996,371.339996,84930600,0.6171424999609898,1.8372680755710258,-2.786735723974827
200,2020-09-11,381.940002,382.5,360.5,372.72000099999997,372.72000099999997,60717500,0.3369603259235221,1.5413975388655299,-2.808758321765126
201,2020-09-14,380.950012,420.0,373.299988,419.619995,419.619995,83020600,0.4233442589526432,1.3235215602253811,-2.0735952787519167
202,2020-09-15,436.55999800000006,461.94000199999994,430.700012,449.76000999999997,449.76000999999997,97298200,0.6814270842399001,1.205449232371636,-1.1328635477703006
203,2020-09-16,439.869995,457.790009,435.30999800000006,441.76000999999997,441.76000999999997,72279300,0.8104995513696334,1.1391123634526876,-0.64521417369059
204,2020-09-17,415.600006,437.790009,408.0,423.42999299999997,423.42999299999997,76779200,0.7664449059700489,1.0764446912741477,-0.6106289679018383
205,2020-09-18,447.94000199999994,451.0,428.799988,442.14999400000005,442.14999400000005,86406800,0.8403951845136294,1.0424220863658378,-0.340625581203285
206,2020-09-21,453.130005,455.67999299999997,407.070007,449.39001500000006,449.39001500000006,109476800,0.9275199077177393,1.0341858489750955,-0.09756779765140515
207,2020-09-22,429.60000599999995,437.76000999999997,417.600006,424.23001100000005,424.23001100000005,79580800,0.8026008561437147,1.000380769539509,-0.3385752241985524
208,2020-09-23,405.160004,412.149994,375.880005,380.359985,380.359985,95074200,0.3851382335438145,0.8823842054235088,-1.1321494120488846
209,2020-09-24,363.799988,399.5,351.299988,387.790009,387.790009,96561100,0.09373915549708668,0.7244998935494206,-1.5081243357892085
210,2020-09-25,393.47000099999997,408.730011,391.299988,407.339996,407.339996,67208500,-0.01276190792703436,0.5749890780309395,-1.429197225819685
211,2020-09-28,424.619995,428.079987,415.549988,421.200012,421.200012,49719600,-0.012062821649109315,0.4555327354078522,-1.1459090285659266
212,2020-09-29,416.0,428.5,411.600006,419.070007,419.070007,50219300,-0.036634596032432874,0.3546142135932106,-0.9711747766588616
213,2020-09-30,421.32000700000003,433.92999299999997,420.47000099999997,429.01000999999997,429.01000999999997,48145600,0.0017427186190727196,0.28224065423661243,-0.7021149603859013
214,2020-10-01,440.76000999999997,448.880005,434.420013,448.160004,448.160004,50741500,0.15192891819315818,0.2570628449054229,-0.2572560873232451
215,2020-10-02,421.39001500000006,439.130005,415.0,415.089996,415.089996,71430000,0.031210648239450387,0.21061973139383838,-0.457699119755871
216,2020-10-05,423.35000599999995,433.64001500000006,419.329987,425.67999299999997,425.67999299999997,44722800,-0.0020725774921446596,0.16621383065381032,-0.43849670900372495
217,2020-10-06,423.790009,428.77999900000003,406.049988,413.980011,413.980011,49146300,-0.11876926549191698,0.10526442529497766,-0.5944328858261329
218,2020-10-07,419.869995,429.89999400000005,413.850006,425.299988,425.299988,43127700,-0.1422049272782042,0.051398977922767056,-0.5276607386506917
219,2020-10-08,438.44000199999994,439.0,425.299988,425.920013,425.920013,40421100,-0.16541304638751744,0.003250271618726594,-0.4737757386706513
220,2020-10-09,430.130005,434.589996,426.459991,434.0,434.0,28925700,-0.1372083158307852,-0.029123734251892915,-0.3250861754380591
221,2020-10-12,442.0,448.73999000000003,438.579987,442.299988,442.299988,38791100,-0.06754112999724662,-0.0398445626913695,-0.12098711768268655
222,2020-10-13,443.35000599999995,448.89001500000006,436.60000599999995,446.64999400000005,446.64999400000005,34463700,0.006828755641067916,-0.03221827289213317,0.05194960520501071
223,2020-10-14,449.77999900000003,465.89999400000005,447.35000599999995,461.299988,461.299988,48045400,0.15441010965752103,0.006036279905234312,0.3406462474636859
224,2020-10-15,450.30999800000006,456.57000700000003,442.5,448.880005,448.880005,35672400,0.17271376381634784,0.04062773572246319,0.3061185369468188
225,2020-10-16,454.44000199999994,455.950012,438.85000599999995,439.670013,439.670013,32775900,0.11145510482898115,0.054954488231332796,0.11510699307152586
226,2020-10-19,446.23999000000003,447.0,428.869995,430.829987,430.829987,36287800,-0.00891280741956022,0.04019135655702523,-0.15908915993556597
227,2020-10-20,431.75,431.75,419.049988,421.94000199999994,421.94000199999994,31656300,-0.17456101831005402,-0.007708892341253794,-0.4714338226830538
228,2020-10-21,422.700012,432.950012,421.25,422.64001500000006,422.64001500000006,32370500,-0.30827397837393206,-0.07516110811889137,-0.6557272378195282
229,2020-10-22,441.920013,445.23001100000005,424.51000999999997,425.790009,425.790009,39993200,-0.398703184332358,-0.14882467429327811,-0.7142743386963536
230,2020-10-23,421.839996,422.89001500000006,407.380005,420.630005,420.630005,33717000,-0.5109680405290622,-0.23221464966476305,-0.8059537681373082
231,2020-10-26,411.630005,425.76000999999997,410.0,420.27999900000003,420.27999900000003,28239200,-0.6061969781554941,-0.3196741401212367,-0.8443123045234217
232,2020-10-27,423.76000999999997,430.5,420.10000599999995,424.67999299999997,424.67999299999997,22686500,-0.6545391414786423,-0.40017403022771136,-0.7787123306486514
233,2020-10-28,416.480011,418.600006,406.0,406.019989,406.019989,25451400,-0.8231528878142308,-0.5013097865036158,-0.9732223906405375
234,2020-10-29,409.959991,418.059998,406.459991,410.829987,410.829987,22655300,-0.9237164925009858,-0.6041281645607417,-0.9890824888269605
235,2020-10-30,406.899994,407.589996,379.109985,388.040009,388.040009,42511300,-1.1583949201988233,-0.7375122105041759,-1.27718912052558
236,2020-11-02,394.0,406.980011,392.299988,400.51001,400.51001,29021100,-1.254561307766739,-0.8651711994550262,-1.223225736098608
237,2020-11-03,409.730011,427.76998899999995,406.690002,423.89999400000005,423.89999400000005,34351700,-1.1665003079427811,-0.9481125576743411,-0.8017251814394906
238,2020-11-04,430.619995,435.39999400000005,417.100006,420.98001100000005,420.98001100000005,32143100,-1.1148676705540093,-1.0032164515624127,-0.5393341185863357
239,2020-11-05,428.299988,440.0,424.0,438.089996,438.089996,28414500,-0.9555096774435705,-1.0125802716410148,-0.10819619456291027
240,2020-11-06,436.10000599999995,436.57000700000003,424.27999900000003,429.950012,429.950012,21706000,-0.8860876144612694,-1.0049463563149048,0.05202148208565594
241,2020-11-09,439.5,452.5,421.0,421.26000999999997,421.26000999999997,34833000,-0.891677300410213,-1.000057047846905,0.02615129857884524
242,2020-11-10,420.089996,420.089996,396.02999900000003,410.359985,410.359985,30284200,-0.9710731290415268,-1.0134435548478067,-0.14611333688980496
243,2020-11-11,416.450012,418.700012,410.579987,417.130005,417.130005,17357700,-0.986659129610089,-1.0275484793675755,-0.15288501458662504
244,2020-11-12,415.049988,423.0,409.519989,411.76001,411.76001,19855100,-1.0350205550105038,-1.0493689133497222,-0.2256100553517327
245,2020-11-13,410.850006,412.52999900000003,401.660004,408.5,408.5,19771100,-1.0940931590243022,-1.0796953973075163,-0.30578659252603213
246,2020-11-16,408.929993,412.450012,404.089996,408.089996,408.089996,26838600,-1.1414118902732486,-1.1142659072676617,-0.34579003825235727
247,2020-11-17,460.170013,462.0,433.01000999999997,441.60998499999994,441.60998499999994,61188300,-0.9471562563525266,-1.0995998779732836,0.11830495662494693
248,2020-11-18,448.35000599999995,496.0,443.5,486.64001500000006,486.64001500000006,78044000,-0.48720448806768263,-0.9876574520458754,1.0352152326237007
249,2020-11-19,492.0,508.60998499999994,487.57000700000003,499.26998899999995,499.26998899999995,62475300,-0.04570081893741634,-0.8019131925945695,1.7308583884952269
250,2020-11-20,497.98999000000003,502.5,489.05999800000006,489.60998499999994,489.60998499999994,32807300,0.2240218391786966,-0.5945533618557076,1.9346029773281352
251,2020-11-23,503.5,526.0,501.790009,521.849976,521.849976,50260300,0.6423656556274546,-0.33752101116425204,2.4028074499002776
252,2020-11-24,540.400024,559.98999,526.200012,555.380005,555.380005,53648500,1.1811972678722542,-0.014499991824090331,3.0248050821905625
